station_id,lat,lon,station_name,state,country,production_date,forecast_date,fcst_mn,fcst_mx,fcst_avg,norm_mn,norm_mx
KABE,40.65,-75.45,ALLENTOWN       ,PA,US,12/6/2018,12/6/2018,27,39,33.0,26.8,43.7
KABI,32.417,-99.68299999999999,ABILENE         ,TX,US,12/6/2018,12/6/2018,37,60,48.5,35.2,58.4
KABQ,35.05,-106.617,ALBUQUERQUE     ,NM,US,12/6/2018,12/6/2018,30,51,40.5,27.6,47.4
KABR,45.46,-98.41,ABERDEEN,SD,US,12/6/2018,12/6/2018,7,22,14.5,8.9,28.3
KACT,31.616999999999997,-97.23299999999999,WACO            ,TX,US,12/6/2018,12/6/2018,47,62,54.5,39.1,60.8
KACV,40.983000000000004,-124.1,ARCATA/EUREKA   ,CA,US,12/6/2018,12/6/2018,35,56,45.5,39.0,54.2
KACY,39.467,-74.583,ATLANTIC CITY   ,NJ,US,12/6/2018,12/6/2018,28,41,34.5,31.1,48.8
KAGS,33.367,-81.96700000000001,AUGUSTA/BUSH    ,GA,US,12/6/2018,12/6/2018,31,52,41.5,36.1,62.4
KAHN,33.95,-83.333,ATHENS          ,GA,US,12/6/2018,12/6/2018,30,48,39.0,36.7,58.0
KAKR,41.033,-81.467,AKRON (FULTON)  ,OH,US,12/6/2018,12/6/2018,26,38,32.0,27.1,39.7
KALB,42.75,-73.8,ALBANY          ,NY,US,12/6/2018,12/6/2018,25,39,32.0,24.9,39.3
KALO,42.55,-92.4,WATERLOO        ,IA,US,12/6/2018,12/6/2018,10,27,18.5,16.4,34.0
KALW,46.1,-118.28299999999999,WALLA WALLA     ,WA,US,12/6/2018,12/6/2018,21,35,28.0,29.6,39.8
KAMA,35.217,-101.71700000000001,AMARILLO        ,TX,US,12/6/2018,12/6/2018,23,40,31.5,25.1,51.0
KANJ,46.467,-84.367,SAULT STE MARIE,MI,US,12/6/2018,12/6/2018,3,26,14.5,20.0,31.7
KAPC,38.2,-122.28299999999999,NAPA            ,CA,US,12/6/2018,12/6/2018,34,58,46.0,36.2,57.0
KAPN,45.067,-83.56700000000001,ALPENA          ,MI,US,12/6/2018,12/6/2018,15,31,23.0,21.7,34.7
KAST,46.15,-123.883,ASTORIA         ,OR,US,12/6/2018,12/6/2018,30,46,38.0,36.9,49.3
KATL,33.633,-84.45,ATLANTA         ,GA,US,12/6/2018,12/6/2018,28,50,39.0,38.4,56.3
KATT,30.316999999999997,-97.76700000000001,AUSTIN/MABRY    ,TX,US,12/6/2018,12/6/2018,52,64,58.0,43.7,64.4
KAUS,30.183000000000003,-97.68299999999999,AUSTIN          ,TX,US,12/6/2018,12/6/2018,50,62,56.0,38.7,65.0
KAVL,35.433,-82.53299999999999,ASHEVILLE       ,NC,US,12/6/2018,12/6/2018,27,46,36.5,31.0,51.6
KAVP,41.333,-75.717,AVOCA/WILKES B. ,PA,US,12/6/2018,12/6/2018,24,36,30.0,27.0,40.6
KAZO,42.233000000000004,-85.55,KALAMAZOO       ,MI,US,12/6/2018,12/6/2018,25,32,28.5,25.7,37.8
KBAF,42.167,-72.717,WESTFIELD       ,MA,US,12/6/2018,12/6/2018,24,39,31.5,24.8,41.3
KBAZ,29.717,-98.05,NEW BRAUNFELS   ,TX,US,12/6/2018,12/6/2018,52,69,60.5,42.4,65.5
KBDL,41.933,-72.683,WINDSOR LOCKS   ,CT,US,12/6/2018,12/6/2018,25,40,32.5,26.9,43.1
KBDR,41.167,-73.133,BRIDGEPORT      ,CT,US,12/6/2018,12/6/2018,31,40,35.5,31.7,45.5
KBFF,41.867,-103.583,SCOTTSBLUFF     ,NE,US,12/6/2018,12/6/2018,13,34,23.5,13.5,40.6
KBFL,35.433,-119.05,BAKERSFIELD     ,CA,US,12/6/2018,12/6/2018,42,59,50.5,39.5,58.4
KBGM,42.217,-75.983,BINGHAMTON      ,NY,US,12/6/2018,12/6/2018,22,33,27.5,24.3,36.4
KBHM,33.567,-86.75,BIRMINGHAM      ,AL,US,12/6/2018,12/6/2018,30,49,39.5,38.0,58.1
KBIL,45.8,-108.55,BILLINGS,MT,US,12/6/2018,12/6/2018,13,31,22.0,19.2,36.1
KBIS,46.766999999999996,-100.75,BISMARCK        ,ND,US,12/6/2018,12/6/2018,10,24,17.0,9.1,28.9
KBKL,41.533,-81.667,CLEVELAND       ,OH,US,12/6/2018,12/6/2018,26,37,31.5,32.6,42.7
KBKW,37.8,-81.117,BECKLEY         ,WV,US,12/6/2018,12/6/2018,24,38,31.0,28.6,44.7
KBNA,36.117,-86.68299999999999,NASHVILLE       ,TN,US,12/6/2018,12/6/2018,32,48,40.0,33.2,51.9
KBNO,43.6,-118.95,BURNS           ,OR,US,12/6/2018,12/6/2018,-7,23,8.0,15.3,35.6
KBOI,43.567,-116.23299999999999,BOISE           ,ID,US,12/6/2018,12/6/2018,5,29,17.0,25.4,39.1
KBOS,42.367,-71.017,BOSTON          ,MA,US,12/6/2018,12/6/2018,30,40,35.0,31.6,44.4
KBPT,29.95,-94.03299999999999,BEAUMONT/PORT AR,TX,US,12/6/2018,12/6/2018,51,69,60.0,46.3,65.5
KBRO,25.916999999999998,-97.417,BROWNSVILLE     ,TX,US,12/6/2018,12/6/2018,66,77,71.5,54.3,73.5
KBTR,30.533,-91.15,BATON ROUGE     ,LA,US,12/6/2018,12/6/2018,42,62,52.0,44.0,65.8
KBTV,44.467,-73.15,BURLINGTON      ,VT,US,12/6/2018,12/6/2018,21,34,27.5,23.0,36.8
KBUF,42.933,-78.733,BUFFALO/CHEEKTOW,NY,US,12/6/2018,12/6/2018,22,35,28.5,27.1,39.1
KBUR,34.2,-118.367,BURBANK         ,CA,US,12/6/2018,12/6/2018,46,58,52.0,41.6,67.5
KBWI,39.167,-76.683,BALTO/WASH INTL ,MD,US,12/6/2018,12/6/2018,28,40,34.0,30.5,48.1
KCAE,33.933,-81.117,COLUMBIA        ,SC,US,12/6/2018,12/6/2018,32,52,42.0,37.0,60.6
KCAK,40.917,-81.45,AKRON           ,OH,US,12/6/2018,12/6/2018,25,37,31.0,26.9,40.0
KCAR,46.867,-68.017,CARIBOU         ,ME,US,12/6/2018,12/6/2018,5,24,14.5,15.3,29.6
KCHA,35.033,-85.2,CHATTANOOGA     ,TN,US,12/6/2018,12/6/2018,32,45,38.5,34.7,54.3
KCHO,38.133,-78.45,CHARLOTTESVILLE ,VA,US,12/6/2018,12/6/2018,28,44,36.0,30.6,49.4
KCHS,32.9,-80.033,CHARLESTON      ,SC,US,12/6/2018,12/6/2018,34,54,44.0,42.1,64.0
KCKB,39.3,-80.217,CLARKSBURG      ,WV,US,12/6/2018,12/6/2018,27,41,34.0,28.3,45.8
KCLE,41.417,-81.85,CLEVELAND       ,OH,US,12/6/2018,12/6/2018,27,37,32.0,29.6,41.4
KCLL,30.583000000000002,-96.367,COLLEGE STATION ,TX,US,12/6/2018,12/6/2018,54,66,60.0,43.6,64.1
KCLT,35.217,-80.95,CHARLOTTE       ,NC,US,12/6/2018,12/6/2018,30,49,39.5,33.7,55.3
KCMH,40.0,-82.883,COLUMBUS        ,OH,US,12/6/2018,12/6/2018,22,40,31.0,29.4,43.0
KCNK,39.55,-97.65,CONCORDIA       ,KS,US,12/6/2018,12/6/2018,20,34,27.0,22.2,41.5
KCON,43.2,-71.5,CONCORD         ,NH,US,12/6/2018,12/6/2018,22,37,29.5,21.2,39.7
KCOS,38.817,-104.71700000000001,COLORADO SPRINGS,CO,US,12/6/2018,12/6/2018,18,38,28.0,18.3,42.6
KCOU,38.817,-92.21700000000001,COLUMBIA        ,MO,US,12/6/2018,12/6/2018,19,37,28.0,26.1,43.7
KCPR,42.9,-106.46700000000001,CASPER          ,WY,US,12/6/2018,12/6/2018,0,25,12.5,14.3,34.9
KCQT,34.016999999999996,-118.28299999999999,LOS ANGELES     ,CA,US,12/6/2018,12/6/2018,52,61,56.5,48.0,68.1
KCRP,27.767,-97.5,CORPUS CHRISTI  ,TX,US,12/6/2018,12/6/2018,65,75,70.0,50.2,70.1
KCRW,38.383,-81.583,CHARLESTON      ,WV,US,12/6/2018,12/6/2018,26,43,34.5,31.4,48.3
KCSG,32.516999999999996,-84.95,COLUMBUS        ,GA,US,12/6/2018,12/6/2018,33,52,42.5,40.6,61.5
KCVG,39.05,-84.667,COVINGTON       ,KY,US,12/6/2018,12/6/2018,23,41,32.0,29.1,44.4
KCXY,40.217,-76.85,HARRISBURG      ,PA,US,12/6/2018,12/6/2018,28,40,34.0,29.8,44.6
KCYS,41.15,-104.81700000000001,CHEYENNE        ,WY,US,12/6/2018,12/6/2018,9,28,18.5,17.7,38.4
KDAB,29.183000000000003,-81.067,DAYTONA BEACH   ,FL,US,12/6/2018,12/6/2018,53,69,61.0,52.6,72.1
KDAL,32.85,-96.85,DALLAS/LOVE FLD ,TX,US,12/6/2018,12/6/2018,48,59,53.5,40.1,59.3
KDAY,39.9,-84.21700000000001,DAYTON          ,OH,US,12/6/2018,12/6/2018,22,39,30.5,27.0,41.0
KDBQ,42.4,-90.7,DUBUQUE         ,IA,US,12/6/2018,12/6/2018,12,27,19.5,18.4,33.4
KDCA,38.85,-77.033,WASHINGTON/NATL ,DC,US,12/6/2018,12/6/2018,35,44,39.5,35.0,49.6
KDDC,37.766999999999996,-99.96700000000001,DODGE CITY      ,KS,US,12/6/2018,12/6/2018,19,36,27.5,22.5,45.9
KDEN,39.833,-104.65,DENVER,CO,US,12/6/2018,12/6/2018,13,30,21.5,17.6,43.6
KDFW,32.9,-97.01700000000001,DALLAS/FT WORTH ,TX,US,12/6/2018,12/6/2018,44,54,49.0,38.8,58.9
KDLH,46.85,-92.2,DULUTH          ,MN,US,12/6/2018,12/6/2018,-3,18,7.5,11.0,25.1
KDOV,39.133,-75.467,Dover AFB,DE,US,12/6/2018,12/6/2018,30,40,35.0,33.2,50.0
KDRT,29.366999999999997,-100.917,DEL RIO         ,TX,US,12/6/2018,12/6/2018,51,68,59.5,42.1,65.3
KDSM,41.533,-93.667,DES MOINES      ,IA,US,12/6/2018,12/6/2018,13,28,20.5,20.6,36.8
KDTW,42.233000000000004,-83.333,DETROIT/WAYNE   ,MI,US,12/6/2018,12/6/2018,22,37,29.5,27.1,39.1
KDVN,41.617,-90.583,DAVENPORT/QUAD C,IA,US,12/6/2018,12/6/2018,15,30,22.5,20.5,36.4
KEAU,44.867,-91.46700000000001,EAU CLAIRE      ,WI,US,12/6/2018,12/6/2018,-9,20,5.5,13.9,30.1
KELP,31.816999999999997,-106.383,EL PASO         ,TX,US,12/6/2018,12/6/2018,48,66,57.0,33.6,58.5
KELY,39.3,-114.85,ELY             ,NV,US,12/6/2018,12/6/2018,5,36,20.5,11.9,40.5
KERI,42.083,-80.183,ERIE            ,PA,US,12/6/2018,12/6/2018,26,38,32.0,29.7,41.1
KEUG,44.133,-123.21700000000001,EUGENE          ,OR,US,12/6/2018,12/6/2018,24,42,33.0,34.5,46.5
KEVV,38.05,-87.51700000000001,EVANSVILLE      ,IN,US,12/6/2018,12/6/2018,23,43,33.0,29.2,46.7
KEWR,40.683,-74.167,NEWARK          ,NJ,US,12/6/2018,12/6/2018,30,40,35.0,32.6,46.6
KEYW,24.55,-81.75,KEY WEST        ,FL,US,12/6/2018,12/6/2018,69,80,74.5,68.6,77.2
KFAR,46.933,-96.81700000000001,FARGO           ,ND,US,12/6/2018,12/6/2018,6,18,12.0,9.3,25.5
KFAT,36.783,-119.71700000000001,FRESNO          ,CA,US,12/6/2018,12/6/2018,40,51,45.5,38.6,56.9
KFLG,35.133,-111.667,FLAGSTAFF       ,AZ,US,12/6/2018,12/6/2018,21,38,29.5,17.5,43.6
KFMY,26.583000000000002,-81.867,FORT MYERS      ,FL,US,12/6/2018,12/6/2018,51,76,63.5,58.2,78.1
KFNT,42.967,-83.75,FLINT           ,MI,US,12/6/2018,12/6/2018,18,31,24.5,23.9,37.2
KFSD,43.583,-96.75,SIOUX FALLS     ,SD,US,12/6/2018,12/6/2018,5,24,14.5,12.4,31.0
KFSM,35.333,-94.367,FORT SMITH      ,AR,US,12/6/2018,12/6/2018,38,48,43.0,33.1,53.7
KFTW,32.833,-97.367,FORT WORTH      ,TX,US,12/6/2018,12/6/2018,44,59,51.5,38.0,58.9
KFTY,33.783,-84.51700000000001,ATLANTA/FULTON  ,GA,US,12/6/2018,12/6/2018,30,49,39.5,36.7,56.8
KFWA,40.983000000000004,-85.18299999999999,FORT WAYNE      ,IN,US,12/6/2018,12/6/2018,23,36,29.5,25.0,39.2
KFYV,36.016999999999996,-94.167,FAYETTEVILLE    ,AR,US,12/6/2018,12/6/2018,29,46,37.5,28.8,50.1
KGAG,36.3,-99.76700000000001,GAGE            ,OK,US,12/6/2018,12/6/2018,20,39,29.5,22.9,50.5
KGEG,47.617,-117.53299999999999,SPOKANE/METRO   ,WA,US,12/6/2018,12/6/2018,20,32,26.0,23.7,33.2
KGFK,47.95,-97.18299999999999,GRAND FORKS     ,ND,US,12/6/2018,12/6/2018,4,17,10.5,6.1,23.4
KGGW,48.217,-106.617,GLASGOW         ,MT,US,12/6/2018,12/6/2018,-9,16,3.5,9.3,28.8
KGJT,39.117,-108.51700000000001,GRAND JUNCTION  ,CO,US,12/6/2018,12/6/2018,21,37,29.0,20.3,40.4
KGLD,39.367,-101.7,GOODLAND        ,KS,US,12/6/2018,12/6/2018,17,34,25.5,18.3,43.4
KGLS,29.267,-94.867,GALVESTON       ,TX,US,12/6/2018,12/6/2018,61,70,65.5,52.4,65.5
KGPI,48.317,-114.25,KALISPELL       ,MT,US,12/6/2018,12/6/2018,11,26,18.5,17.8,31.2
KGRB,44.483000000000004,-88.133,ASHWAUBENON     ,WI,US,12/6/2018,12/6/2018,0,26,13.0,17.7,31.7
KGRI,40.967,-98.31700000000001,GRAND ISLAND    ,NE,US,12/6/2018,12/6/2018,-2,25,11.5,18.2,38.9
KGRR,42.883,-85.51700000000001,GRAND RAPIDS    ,MI,US,12/6/2018,12/6/2018,25,32,28.5,26.4,37.7
KGSO,36.1,-79.95,GREENSBORO      ,NC,US,12/6/2018,12/6/2018,29,45,37.0,33.9,53.1
KGSP,34.9,-82.21700000000001,GREER/SPARTANSBG,SC,US,12/6/2018,12/6/2018,29,47,38.0,35.7,56.3
KGTF,47.467,-111.383,GREAT FALLS     ,MT,US,12/6/2018,12/6/2018,10,31,20.5,16.5,35.4
KGWO,33.5,-90.083,GREENWOOD       ,MS,US,12/6/2018,12/6/2018,36,53,44.5,37.0,58.6
KHFD,41.733000000000004,-72.65,HARTFORD/BRAINAR,CT,US,12/6/2018,12/6/2018,28,40,34.0,27.9,44.1
KHLN,46.6,-111.96700000000001,HELENA          ,MT,US,12/6/2018,12/6/2018,5,29,17.0,13.7,33.2
KHON,44.383,-98.23299999999999,HURON           ,SD,US,12/6/2018,12/6/2018,10,24,17.0,12.1,31.5
KHOU,29.633000000000003,-95.28299999999999,HOUSTON/HOBBY   ,TX,US,12/6/2018,12/6/2018,58,71,64.5,48.2,66.2
KHSE,35.233000000000004,-75.617,HATTERAS/MITCHEL,NC,US,12/6/2018,12/6/2018,39,50,44.5,45.3,58.3
KHSP,37.95,-79.817,HOT SPRINGS/INGA,VA,US,12/6/2018,12/6/2018,20,36,28.0,25.7,44.7
KHSV,34.65,-86.78299999999999,HUNTSVILLE      ,AL,US,12/6/2018,12/6/2018,33,48,40.5,36.2,55.7
KHTL,44.35,-84.667,HOUGHTON LAKE   ,MI,US,12/6/2018,12/6/2018,16,28,22.0,20.8,33.3
KHTS,38.367,-82.55,HUNTINGTON      ,WV,US,12/6/2018,12/6/2018,27,43,35.0,30.8,48.0
KHVN,41.266999999999996,-72.867,NEW HAVEN/TWEED ,CT,US,12/6/2018,12/6/2018,30,38,34.0,31.6,46.1
KHVR,48.55,-109.76700000000001,HAVRE           ,MT,US,12/6/2018,12/6/2018,5,28,16.5,10.4,32.3
KIAD,38.933,-77.45,WASH DC/DULLES  ,VA,US,12/6/2018,12/6/2018,26,40,33.0,29.4,48.9
KIAH,30.0,-95.367,HOUSTON/INTNL   ,TX,US,12/6/2018,12/6/2018,56,69,62.5,46.1,66.0
KICT,37.65,-97.43299999999999,WICHITA         ,KS,US,12/6/2018,12/6/2018,22,40,31.0,26.0,45.9
KILG,39.667,-75.6,WILMINGTON      ,DE,US,12/6/2018,12/6/2018,28,39,33.5,31.4,47.6
KILM,34.266999999999996,-77.9,WILMINGTON      ,NC,US,12/6/2018,12/6/2018,34,50,42.0,39.8,61.8
KIND,39.717,-86.3,INDIANAPOLIS    ,IN,US,12/6/2018,12/6/2018,19,37,28.0,27.0,41.8
KINK,31.783,-103.2,WINK            ,TX,US,12/6/2018,12/6/2018,34,61,47.5,29.9,62.4
KINL,48.567,-93.4,INTERNTNL FALLS ,MN,US,12/6/2018,12/6/2018,-5,11,3.0,4.9,22.2
KINT,36.133,-80.217,WINSTON SALEM   ,NC,US,12/6/2018,12/6/2018,28,45,36.5,34.6,53.7
KINW,35.033,-110.71700000000001,WINSLOW         ,AZ,US,12/6/2018,12/6/2018,26,50,38.0,21.6,50.5
KIPT,41.25,-76.917,WILLIAMSPORT    ,PA,US,12/6/2018,12/6/2018,26,38,32.0,27.4,40.9
KISN,48.167,-103.633,WILLISTON       ,ND,US,12/6/2018,12/6/2018,7,24,15.5,6.3,27.0
KJAN,32.317,-90.083,JACKSON         ,MS,US,12/6/2018,12/6/2018,36,55,45.5,38.8,60.3
KJAX,30.5,-81.683,JACKSONVILLE    ,FL,US,12/6/2018,12/6/2018,38,61,49.5,45.8,68.5
KJCT,30.511,-99.766,Junction,TX,US,12/6/2018,12/6/2018,41,65,53.0,34.1,63.2
KLAL,27.989,-82.01899999999999,Lakeland Reg AP,FL,US,12/6/2018,12/6/2018,25,56,40.5,53.9,75.8
KLAN,42.783,-84.583,LANSING         ,MI,US,12/6/2018,12/6/2018,22,31,26.5,25.4,37.2
KLAS,36.083,-115.15,LAS VEGAS       ,NV,US,12/6/2018,12/6/2018,42,52,47.0,39.6,57.7
KLAX,33.933,-118.383,LOS ANGELES     ,CA,US,12/6/2018,12/6/2018,53,60,56.5,49.3,65.2
KLBB,33.667,-101.81700000000001,LUBBOCK         ,TX,US,12/6/2018,12/6/2018,28,46,37.0,28.4,55.6
KLBF,41.117,-100.667,NORTH PLATTE    ,NE,US,12/6/2018,12/6/2018,0,23,11.5,13.0,40.6
KLCH,30.133000000000003,-93.21700000000001,LAKE CHARLES    ,LA,US,12/6/2018,12/6/2018,49,67,58.0,45.6,65.3
KLEX,38.033,-84.6,LEXINGTON       ,KY,US,12/6/2018,12/6/2018,29,43,36.0,30.2,46.4
KLFK,31.233,-94.75,LUFKIN          ,TX,US,12/6/2018,12/6/2018,47,65,56.0,40.9,62.7
KLFT,30.2,-92.0,LAFAYETTE       ,LA,US,12/6/2018,12/6/2018,46,66,56.0,45.9,66.1
KLGA,40.783,-73.883,LA GUARDIA,NY,US,12/6/2018,12/6/2018,33,41,37.0,35.2,47.4
KLGB,33.817,-118.15,LONG BEACH      ,CA,US,12/6/2018,12/6/2018,52,63,57.5,46.3,67.3
KLIT,34.733000000000004,-92.23299999999999,LITTLE ROCK     ,AR,US,12/6/2018,12/6/2018,35,42,38.5,35.5,54.5
KLND,42.817,-108.73299999999999,LANDER          ,WY,US,12/6/2018,12/6/2018,0,25,12.5,10.7,32.4
KLNK,40.85,-96.76700000000001,LINCOLN         ,NE,US,12/6/2018,12/6/2018,2,28,15.0,18.4,39.5
KLNS,40.117,-76.3,LANCASTER       ,PA,US,12/6/2018,12/6/2018,28,39,33.5,28.0,44.1
KLRD,27.533,-99.46700000000001,Larado INTL AP,TX,US,12/6/2018,12/6/2018,62,80,71.0,48.0,69.1
KLSE,43.883,-91.25,LA CROSSE       ,WI,US,12/6/2018,12/6/2018,-6,27,10.5,17.6,32.2
KLUK,39.1,-84.417,CINCINNAT/LUNKEN,OH,US,12/6/2018,12/6/2018,21,42,31.5,28.1,46.0
KLWS,46.367,-117.01700000000001,LEWISTON        ,ID,US,12/6/2018,12/6/2018,22,36,29.0,29.0,40.6
KLYH,37.317,-79.2,LYNCHBURG       ,VA,US,12/6/2018,12/6/2018,26,44,35.0,29.3,50.2
KMAF,31.95,-102.2,MIDLAND         ,TX,US,12/6/2018,12/6/2018,34,57,45.5,32.0,59.6
KMCI,39.3,-94.73299999999999,KANSAS CITY,MO,US,12/6/2018,12/6/2018,16,31,23.5,24.9,42.8
KMCN,32.683,-83.65,MACON           ,GA,US,12/6/2018,12/6/2018,29,51,40.0,37.9,61.9
KMCO,28.416999999999998,-81.333,ORLANDO         ,FL,US,12/6/2018,12/6/2018,46,72,59.0,54.4,74.3
KMDT,40.2,-76.767,MIDDLETOWN      ,PA,US,12/6/2018,12/6/2018,28,39,33.5,28.7,44.2
KMDW,41.783,-87.75,CHICAGO         ,IL,US,12/6/2018,12/6/2018,18,31,24.5,25.5,38.2
KMEI,32.333,-88.75,MERIDIAN/KEY FLD,MS,US,12/6/2018,12/6/2018,35,54,44.5,37.1,61.0
KMEM,35.067,-89.98299999999999,MEMPHIS         ,TN,US,12/6/2018,12/6/2018,35,47,41.0,37.0,54.4
KMFE,26.183000000000003,-98.25,MCALLEN         ,TX,US,12/6/2018,12/6/2018,65,82,73.5,53.4,73.8
KMFR,42.383,-122.867,MEDFORD         ,OR,US,12/6/2018,12/6/2018,26,50,38.0,33.4,46.6
KMGM,32.3,-86.4,MONTGOMERY      ,AL,US,12/6/2018,12/6/2018,32,51,41.5,38.9,61.9
KMHT,42.933,-71.433,MANCHESTER      ,NH,US,12/6/2018,12/6/2018,27,39,33.0,26.2,41.4
KMIA,25.8,-80.283,MIAMI           ,FL,US,12/6/2018,12/6/2018,63,77,70.0,64.8,79.0
KMKE,42.95,-87.9,MILWAUKEE       ,WI,US,12/6/2018,12/6/2018,16,30,23.0,23.0,35.7
KMKG,43.167,-86.23299999999999,MUSKEGON        ,MI,US,12/6/2018,12/6/2018,25,31,28.0,27.9,37.7
KMLB,28.1,-80.65,MELBOURNE       ,FL,US,12/6/2018,12/6/2018,56,75,65.5,54.9,74.9
KMLI,41.45,-90.51700000000001,MOLINE/QUAD CITY,IL,US,12/6/2018,12/6/2018,17,30,23.5,21.3,37.7
KMLS,46.433,-105.883,MILES CITY      ,MT,US,12/6/2018,12/6/2018,0,24,12.0,11.8,32.9
KMLU,32.516999999999996,-92.03299999999999,MONROE          ,LA,US,12/6/2018,12/6/2018,40,56,48.0,38.9,61.1
KMOB,30.683000000000003,-88.25,MOBILE/BATES    ,AL,US,12/6/2018,12/6/2018,37,56,46.5,43.7,64.6
KMOD,37.617,-120.95,MODESTO         ,CA,US,12/6/2018,12/6/2018,37,57,47.0,40.4,57.6
KMOT,48.25,-101.26700000000001,MINOT           ,ND,US,12/6/2018,12/6/2018,9,21,15.0,10.2,26.2
KMSN,43.133,-89.35,MADISON         ,WI,US,12/6/2018,12/6/2018,4,28,16.0,19.0,33.2
KMSO,46.917,-114.1,MISSOULA        ,MT,US,12/6/2018,12/6/2018,2,24,13.0,18.2,32.1
KMSP,44.883,-93.23299999999999,MINNEAPOLIS     ,MN,US,12/6/2018,12/6/2018,3,22,12.5,15.5,30.0
KMSY,30.0,-90.25,NEW ORLEANS/INTL,LA,US,12/6/2018,12/6/2018,49,65,57.0,48.5,66.2
KMWL,32.783,-98.06700000000001,MINERAL WELLS   ,TX,US,12/6/2018,12/6/2018,41,63,52.0,34.8,59.4
KNEW,30.05,-90.03299999999999,NEW ORLEANS/LAKE,LA,US,12/6/2018,12/6/2018,50,62,56.0,50.7,64.8
KNYC,40.783,-73.967,NYC/CENTRAL PARK,NY,US,12/6/2018,12/6/2018,32,39,35.5,35.1,46.2
KNYL,32.633,-114.617,YUMA MCAS,AZ,US,12/6/2018,12/6/2018,49,60,54.5,47.4,69.5
KOFK,41.983000000000004,-97.43299999999999,NORFOLK         ,NE,US,12/6/2018,12/6/2018,-5,22,8.5,16.5,36.1
KOKC,35.383,-97.6,OKLAHOMA CITY   ,OK,US,12/6/2018,12/6/2018,30,53,41.5,32.3,52.6
KOMA,41.317,-95.9,OMAHA/EPPLEY    ,NE,US,12/6/2018,12/6/2018,-1,25,12.0,19.2,37.7
KONT,34.05,-117.583,ONTARIO         ,CA,US,12/6/2018,12/6/2018,47,59,53.0,42.8,66.4
KORD,41.983000000000004,-87.93299999999999,CHICAGO O'HARE  ,IL,US,12/6/2018,12/6/2018,16,31,23.5,23.5,37.7
KORF,36.9,-76.2,NORFOLK         ,VA,US,12/6/2018,12/6/2018,36,46,41.0,38.4,54.7
KORH,42.266999999999996,-71.867,WORCESTER       ,MA,US,12/6/2018,12/6/2018,24,35,29.5,26.1,39.5
KOXR,34.2,-119.2,OXNARD          ,CA,US,12/6/2018,12/6/2018,48,62,55.0,45.0,65.6
KPAH,37.067,-88.76700000000001,PADUCAH         ,KY,US,12/6/2018,12/6/2018,28,43,35.5,30.7,49.0
KPBI,26.683000000000003,-80.1,WEST PALM BEACH ,FL,US,12/6/2018,12/6/2018,61,77,69.0,61.9,77.3
KPDT,45.7,-118.833,PENDLETON       ,OR,US,12/6/2018,12/6/2018,18,34,26.0,28.0,40.7
KPDX,45.583,-122.6,PORTLAND        ,OR,US,12/6/2018,12/6/2018,30,44,37.0,36.1,46.8
KPHL,39.867,-75.233,PHILADELPHIA    ,PA,US,12/6/2018,12/6/2018,32,40,36.0,32.8,47.9
KPHX,33.433,-112.01700000000001,PHOENIX/SKY HRBR,AZ,US,12/6/2018,12/6/2018,51,61,56.0,45.8,67.2
KPIA,40.667,-89.68299999999999,PEORIA          ,IL,US,12/6/2018,12/6/2018,18,32,25.0,23.8,39.1
KPIH,42.917,-112.56700000000001,POCATELLO       ,ID,US,12/6/2018,12/6/2018,5,30,17.5,17.3,34.3
KPIT,40.5,-80.267,PITTSBURGH      ,PA,US,12/6/2018,12/6/2018,23,36,29.5,28.1,42.3
KPKB,39.35,-81.417,PARKERSBURG     ,WV,US,12/6/2018,12/6/2018,24,41,32.5,29.4,46.0
KPNS,30.483,-87.18299999999999,PENSACOLA       ,FL,US,12/6/2018,12/6/2018,39,56,47.5,46.1,64.5
KPOU,41.633,-73.883,POUGHKEEPSIE    ,NY,US,12/6/2018,12/6/2018,24,39,31.5,25.2,43.8
KPRX,33.637,-95.45100000000001,Paris,TX,US,12/6/2018,12/6/2018,41,51,46.0,35.9,57.5
KPSP,33.817,-116.5,PALM SPRINGS    ,CA,US,12/6/2018,12/6/2018,51,60,55.5,45.0,68.2
KPUB,38.283,-104.5,PUEBLO,CO,US,12/6/2018,12/6/2018,16,36,26.0,15.3,46.8
KPVD,41.717,-71.433,PROVIDENCE/GREEN,RI,US,12/6/2018,12/6/2018,28,41,34.5,29.5,45.5
KPVU,40.219,-111.723,Provo Airport,UT,US,12/6/2018,12/6/2018,14,33,23.5,24.8,41.7
KPWM,43.65,-70.3,PORTLAND        ,ME,US,12/6/2018,12/6/2018,24,37,30.5,24.2,40.6
KRAL,33.95,-117.45,RIVERSIDE       ,CA,US,12/6/2018,12/6/2018,47,60,53.5,42.8,67.6
KRAP,44.05,-103.05,RAPID CITY      ,SD,US,12/6/2018,12/6/2018,-1,25,12.0,14.2,38.0
KRBL,40.15,-122.25,RED BLUFF       ,CA,US,12/6/2018,12/6/2018,33,57,45.0,38.1,55.5
KRDD,40.516999999999996,-122.3,REDDING         ,CA,US,12/6/2018,12/6/2018,32,58,45.0,36.9,55.7
KRDG,40.367,-75.967,READING         ,PA,US,12/6/2018,12/6/2018,27,38,32.5,28.5,44.6
KRDU,35.867,-78.783,RALEIGH/DURHAM  ,NC,US,12/6/2018,12/6/2018,31,47,39.0,35.3,56.2
KRFD,42.2,-89.1,ROCKFORD        ,IL,US,12/6/2018,12/6/2018,13,29,21.0,20.8,36.3
KRIC,37.516999999999996,-77.317,RICHMOND        ,VA,US,12/6/2018,12/6/2018,31,47,39.0,33.6,53.5
KRIV,33.867,-117.26700000000001,RIVERSIDE/MARCH,CA,US,12/6/2018,12/6/2018,40,57,48.5,41.0,67.0
KRNO,39.483000000000004,-119.76700000000001,RENO            ,NV,US,12/6/2018,12/6/2018,18,36,27.0,25.9,47.0
KROA,37.317,-79.967,ROANOKE         ,VA,US,12/6/2018,12/6/2018,29,44,36.5,32.0,50.1
KROC,43.117,-77.683,ROCHESTER       ,NY,US,12/6/2018,12/6/2018,23,38,30.5,26.5,39.5
KROW,33.3,-104.5,ROSWELL         ,NM,US,12/6/2018,12/6/2018,33,56,44.5,27.3,56.4
KRST,43.9,-92.5,ROCHESTER       ,MN,US,12/6/2018,12/6/2018,-8,19,5.5,15.3,30.0
KRWF,44.55,-95.083,REDWOOD FALL    ,MN,US,12/6/2018,12/6/2018,-7,18,5.5,12.7,29.0
KSAC,38.5,-121.5,SACRAMENTO      ,CA,US,12/6/2018,12/6/2018,36,57,46.5,38.9,55.8
KSAN,32.733000000000004,-117.18299999999999,SAN DIEGO       ,CA,US,12/6/2018,12/6/2018,54,67,60.5,49.0,65.2
KSAT,29.533,-98.46700000000001,SAN ANTONIO     ,TX,US,12/6/2018,12/6/2018,54,65,59.5,43.1,65.6
KSAV,32.117,-81.2,SAVANNAH        ,GA,US,12/6/2018,12/6/2018,33,55,44.0,42.6,64.6
KSAW,46.35,-87.4,GWINN/SAWYER    ,MI,US,12/6/2018,12/6/2018,3,19,11.0,14.3,28.5
KSBA,34.433,-119.85,SANTA BARBARA   ,CA,US,12/6/2018,12/6/2018,42,64,53.0,40.7,64.4
KSBN,41.7,-86.31700000000001,SOUTH BEND      ,IN,US,12/6/2018,12/6/2018,23,31,27.0,25.3,38.0
KSCK,37.883,-121.21700000000001,STOCKTON        ,CA,US,12/6/2018,12/6/2018,37,57,47.0,37.7,55.9
KSDF,38.183,-85.73299999999999,LOUISVILLE      ,KY,US,12/6/2018,12/6/2018,28,45,36.5,32.3,48.5
KSEA,47.45,-122.31700000000001,SEATTLE,WA,US,12/6/2018,12/6/2018,29,46,37.5,36.0,46.4
KSFO,37.617,-122.367,SAN FRANCISCO   ,CA,US,12/6/2018,12/6/2018,45,58,51.5,45.5,57.8
KSGF,37.233000000000004,-93.383,SPRINGFIELD     ,MO,US,12/6/2018,12/6/2018,23,39,31.0,27.0,47.3
KSHR,44.766999999999996,-106.96700000000001,SHERIDAN        ,WY,US,12/6/2018,12/6/2018,9,34,21.5,11.6,36.1
KSHV,32.45,-93.833,SHREVEPORT      ,LA,US,12/6/2018,12/6/2018,43,56,49.5,39.2,60.3
KSJC,37.367,-121.917,SAN JOSE        ,CA,US,12/6/2018,12/6/2018,40,59,49.5,42.8,62.4
KSJT,31.366999999999997,-100.5,SAN ANGELO      ,TX,US,12/6/2018,12/6/2018,36,65,50.5,34.8,61.3
KSLC,40.783,-111.96700000000001,SALT LAKE CITY  ,UT,US,12/6/2018,12/6/2018,24,31,27.5,23.8,39.7
KSLE,44.9,-123.0,SALEM           ,OR,US,12/6/2018,12/6/2018,24,43,33.5,34.7,47.2
KSNS,36.667,-121.6,SALINAS         ,CA,US,12/6/2018,12/6/2018,40,63,51.5,41.4,61.9
KSPI,39.85,-89.68299999999999,SPRINGFIELD     ,IL,US,12/6/2018,12/6/2018,17,34,25.5,25.1,41.4
KSPS,33.983000000000004,-98.5,WICHITA FALL    ,TX,US,12/6/2018,12/6/2018,35,60,47.5,32.3,56.5
KSRQ,27.4,-82.56700000000001,SARASOTA/BRADENT,FL,US,12/6/2018,12/6/2018,51,74,62.5,55.3,74.9
KSTC,45.55,-94.05,ST. CLOUD       ,MN,US,12/6/2018,12/6/2018,-3,20,8.5,10.5,27.6
KSTL,38.75,-90.367,ST. LOUIS       ,MO,US,12/6/2018,12/6/2018,21,38,29.5,29.4,45.2
KSTS,38.5,-122.81700000000001,SANTA ROSA      ,CA,US,12/6/2018,12/6/2018,32,60,46.0,37.1,57.3
KSUX,42.383,-96.383,SIOUX CITY      ,IA,US,12/6/2018,12/6/2018,-4,24,10.0,15.5,34.6
KSYR,43.117,-76.1,SYRACUSE        ,NY,US,12/6/2018,12/6/2018,22,36,29.0,26.0,39.6
KTHV,39.917,-76.883,YORK            ,PA,US,12/6/2018,12/6/2018,25,38,31.5,27.5,45.2
KTLH,30.4,-84.35,TALLAHASSEE     ,FL,US,12/6/2018,12/6/2018,35,58,46.5,42.7,67.2
KTOL,41.583,-83.8,TOLEDO          ,OH,US,12/6/2018,12/6/2018,23,37,30.0,25.9,39.4
KTOP,39.067,-95.633,TOPEKA          ,KS,US,12/6/2018,12/6/2018,18,35,26.5,24.4,44.1
KTPA,27.967,-82.53299999999999,TAMPA           ,FL,US,12/6/2018,12/6/2018,48,71,59.5,56.1,73.7
KTTN,40.283,-74.817,TRENTON         ,NJ,US,12/6/2018,12/6/2018,28,38,33.0,30.8,46.0
KTUL,36.2,-95.883,TULSA           ,OK,US,12/6/2018,12/6/2018,30,50,40.0,31.5,51.5
KTUS,32.133,-110.95,TUCSON          ,AZ,US,12/6/2018,12/6/2018,48,70,59.0,39.9,66.0
KTYR,32.367,-95.4,TYLER           ,TX,US,12/6/2018,12/6/2018,47,61,54.0,40.2,58.8
KTYS,35.817,-83.98299999999999,KNOXVILLE       ,TN,US,12/6/2018,12/6/2018,30,44,37.0,33.4,52.2
KUIL,47.933,-124.55,QUILLAYUTE      ,WA,US,12/6/2018,12/6/2018,28,46,37.0,34.9,46.6
KVCT,28.866999999999997,-96.93299999999999,VICTORIA        ,TX,US,12/6/2018,12/6/2018,60,73,66.5,45.7,67.8
KVIS,36.313,-119.38799999999999,Visalia Airport,CA,US,12/6/2018,12/6/2018,40,57,48.5,38.4,56.1
KVTN,42.867,-100.55,VALENTINE       ,NE,US,12/6/2018,12/6/2018,3,21,12.0,12.5,37.8
KWMC,40.9,-117.8,WINNEMUCCA      ,NV,US,12/6/2018,12/6/2018,2,31,16.5,18.2,42.7
KYKM,46.567,-120.53299999999999,YAKIMA          ,WA,US,12/6/2018,12/6/2018,16,34,25.0,22.1,37.7
KYNG,41.25,-80.667,YOUNGSTOWN      ,OH,US,12/6/2018,12/6/2018,25,36,30.5,27.1,39.6
